{"no. deactivated terms": 5.0, "validation_loss": -410.8375549316406, "elbo_validation": -188.1109619140625, "reconstruction_loss_validation": -863.3418579101562, "kl_local_validation": 675.2308959960938, "kl_global_validation": 0.0, "epoch": 298, "trainer/global_step": 4185, "_timestamp": 1671796788.0625176, "_runtime": 124.02299761772156, "_step": 298, "_wandb": {"runtime": 122}}