{"no. deactivated terms": 5.0, "validation_loss": -402.1303405761719, "elbo_validation": -244.2138671875, "reconstruction_loss_validation": -855.4698486328125, "kl_local_validation": 611.2559814453125, "kl_global_validation": 0.0, "epoch": 447, "trainer/global_step": 6271, "_timestamp": 1671795720.5115292, "_runtime": 164.1865212917328, "_step": 447, "_wandb": {"runtime": 163}}