,genes,weights,in_mask
0,Ghrl,-0.84229934,True
1,Cx3cl1,0.34426945,True
2,Npy,-0.27302718,True
3,Cxcl12,-0.24969456,True
4,P2ry1,-0.18920165,True
5,Chrm3,0.18452375,True
6,Ptger3,0.13024883,True
7,Sst,-0.10058527,True
8,Galr1,-0.0804164,True
9,Cck,-0.05537113,True
10,Hebp1,-0.03956781,True
11,Pyy,-0.022803282,True
12,Ppy,0.017301535,True
13,Gast,0.00052348943,True
