,genes,weights,in_mask
0,Spc25,-0.2194645,True
1,Pmf1,-0.21702492,True
2,Bub3,-0.20604643,True
3,Spc24,-0.20182969,True
4,Incenp,-0.18785936,True
5,Cdca8,-0.14080736,True
6,Birc5,-0.13704818,True
7,Cenph,0.084192656,True
8,Bub1b,-0.07895089,True
9,Cdc20,-0.073857725,True
10,Mad2l1,-0.072193764,True
11,Sgol1,-0.05352614,True
12,Aurkb,-0.05197727,True
13,Ndc80,-0.039899644,True
14,Ska1,-0.027588379,True
15,Cenpk,0.015332804,True
