,genes,weights,in_mask
0,Ppy,-0.53775996,True
1,Pyy,-0.44198483,True
2,Ptger3,0.3697834,True
3,Sst,-0.34133255,True
4,Npy,0.28373545,True
5,Rgs7,-0.14447941,True
6,Gnaz,0.10420132,True
7,Gng4,-0.1014591,True
8,Cxcl12,0.0981765,True
9,Gng12,0.09385566,True
10,Gabbr2,-0.09291415,True
11,Hebp1,0.083608,True
12,Galr1,0.07059916,True
13,Gnai1,0.04530792,True
14,Gnas,-0.024638666,True
