{"no. deactivated terms": 5.0, "validation_loss": -411.38336181640625, "elbo_validation": -253.7034912109375, "reconstruction_loss_validation": -862.4473266601562, "kl_local_validation": 608.7438354492188, "kl_global_validation": 0.0, "epoch": 367, "trainer/global_step": 5151, "_timestamp": 1671797446.2758608, "_runtime": 133.49943780899048, "_step": 367, "_wandb": {"runtime": 132}}