{"no. deactivated terms": 5.0, "validation_loss": -415.8313293457031, "elbo_validation": -194.5550537109375, "reconstruction_loss_validation": -872.8666381835938, "kl_local_validation": 678.3115844726562, "kl_global_validation": 0.0, "epoch": 367, "trainer/global_step": 5151, "_timestamp": 1671797131.4856422, "_runtime": 119.02611923217773, "_step": 367, "_wandb": {"runtime": 118}}