{"no. deactivated terms": 5.0, "validation_loss": -389.0677795410156, "elbo_validation": -250.562255859375, "reconstruction_loss_validation": -837.0245971679688, "kl_local_validation": 586.4623413085938, "kl_global_validation": 0.0, "epoch": 455, "trainer/global_step": 6383, "_timestamp": 1671798155.7927272, "_runtime": 183.85713934898376, "_step": 455, "_wandb": {"runtime": 183}}