{"no. deactivated terms": 5.0, "validation_loss": -404.6202087402344, "elbo_validation": -268.20843505859375, "reconstruction_loss_validation": -852.3736572265625, "kl_local_validation": 584.1652221679688, "kl_global_validation": 0.0, "epoch": 493, "trainer/global_step": 6915, "_timestamp": 1671796994.578779, "_runtime": 195.63590788841248, "_step": 493, "_wandb": {"runtime": 194}}