{"no. deactivated terms": 5.0, "validation_loss": -402.07330322265625, "elbo_validation": -265.350341796875, "reconstruction_loss_validation": -854.2499389648438, "kl_local_validation": 588.8995971679688, "kl_global_validation": 0.0, "epoch": 499, "trainer/global_step": 6999, "_timestamp": 1671796173.626717, "_runtime": 200.93696904182434, "_step": 499, "_wandb": {"runtime": 200}}